{
  "poll_number": 1,
  "timestamp": "2026-01-27T21:29:26.246726",
  "elapsed_time": 4.0531158447265625e-06,
  "flights_in_poll": 0,
  "total_flights": 0,
  "programs_done": [],
  "missing_keys": [
    "program|AA|JFK|LHR|1:0|20260206",
    "program|AS|JFK|LHR|1:0|20260206",
    "program|AV|JFK|LHR|1:0|20260206",
    "program|QF|JFK|LHR|1:0|20260206",
    "program|UA|JFK|LHR|1:0|20260206",
    "program|AC|JFK|LHR|1:0|20260206"
  ],
  "finished": false,
  "all_flights": []
}